{
    "1": {
        "lgbm": 0.41397812313485205,
        "catboost": 0.586021876865148
    },
    "2": {
        "lgbm": 0.3657703462472064,
        "catboost": 0.6342296537527937
    },
    "3": {
        "lgbm": 0.41028928821596955,
        "catboost": 0.5897107117840306
    },
    "4": {
        "lgbm": 0.4051720980386526,
        "catboost": 0.5948279019613473
    },
    "5": {
        "lgbm": 0.38143255397004294,
        "catboost": 0.6185674460299571
    },
    "6": {
        "lgbm": 0.3814159924429738,
        "catboost": 0.6185840075570261
    },
    "7": {
        "lgbm": 0.3634853584735286,
        "catboost": 0.6365146415264714
    },
    "8": {
        "lgbm": 0.3746510512437159,
        "catboost": 0.6253489487562842
    },
    "9": {
        "lgbm": 0.3956061054537246,
        "catboost": 0.6043938945462753
    },
    "10": {
        "lgbm": 0.37845717813220403,
        "catboost": 0.621542821867796
    },
    "11": {
        "lgbm": 0.3711366344828079,
        "catboost": 0.6288633655171921
    },
    "12": {
        "lgbm": 0.3852668878801796,
        "catboost": 0.6147331121198204
    },
    "13": {
        "lgbm": 0.35846804456341824,
        "catboost": 0.6415319554365818
    },
    "14": {
        "lgbm": 0.3749577238274541,
        "catboost": 0.6250422761725458
    },
    "15": {
        "lgbm": 0.40272592978967053,
        "catboost": 0.5972740702103295
    },
    "16": {
        "lgbm": 0.38431036060404367,
        "catboost": 0.6156896393959562
    },
    "17": {
        "lgbm": 0.42941398348164306,
        "catboost": 0.5705860165183569
    },
    "18": {
        "lgbm": 0.42441875823369307,
        "catboost": 0.575581241766307
    },
    "19": {
        "lgbm": 0.4800665421428285,
        "catboost": 0.5199334578571715
    },
    "20": {
        "lgbm": 0.4749853414358995,
        "catboost": 0.5250146585641006
    }
}